2NDAMENDMENTCOIN-GLD-001,1
2NDAMENDMENTCOIN-GLD-003,3
2NDAMENDMENTCOIN-GLD-005,5
2NDAMENDMENTCOIN-GLD-010,10
2NDAMENDMENTCOIN-GLD-025,25
2NDAMENDMENTCOIN-GOLD/SILVER-001,1
2NDAMENDMENTCOIN-SLVER-001,1
2NDAMENDMENTCOIN-SLVER-003,3
2NDAMENDMENTCOIN-SLVER-005,5
2NDAMENDMENTCOIN-SLVER-010,10
2NDAMENDMENTCOIN-SLVER-025,25
2NDAMENDMENTCOIN-SILVER/GOLD-001,1
2NDAMENDWATCH-001,1
2NDAMENDWATCH-002,2
2NDAMENDWATCH-003,3
2NDAMENDWATCH-005,5
2NDAMENDWATCH-010,10
2NDAMENDWATCH-025,25
BANDS-PATRIOTIC-BLUEUSA-001,1
BANDS-PATRIOTIC-BLUEUSA-003,3
BANDS-PATRIOTIC-BLUEUSA-005,5
BANDS-PATRIOTIC-BLUEUSA-010,10
BANDS-PATRIOTIC-BLUEUSA-025,25
BANDS-TRUMP-BOTH-001,1
BANDS-TRUMP-BOTH-002,2
BANDS-TRUMP-BOTH-004,4
BANDS-TRUMP-BOTH-006,6
BANDS-TRUMP-BOTH-008,8
BANDS-TRUMP-BOTH-010,10
BEARARMSCOIN0001-1PACK,1
BEARARMSCOIN0001-3PACK,3
BEARARMSCOIN0001-5PACK,5
BEARARMSCOIN0001-10PACK,10
BLACKOPSBELTBAG-001,1
BLACKOPSBELTBAG-003,3
BLACKOPSBELTBAG-005,5
BLACKOPSBELTBAG-010,10
BLACKOPSBELTBAG-025,25
BLACKPLASTICCOINCASE-001,1
BLACKPLASTICCOINCASE-003,3
BLACKPLASTICCOINCASE-005,5
BLACKPLASTICCOINCASE-010,10
BLACKPLASTICCOINCASE-025,25
BLM-Coin-001,1
BLM-Coin-003,3
BLM-Coin-005,5
BLM-Coin-010,10
BLM-Coin-025,25
BULLETKEYCHAIN-1,1
BULLETKEYCHAIN-2,2
BULLETKEYCHAIN-4,4
BULLETKEYCHAIN-8,8
BUSHSENIORCOIN-001,1
BUSHSENIORCOIN-003,3
BUSHSENIORCOIN-005,5
BUSHSENIORCOIN-010,10
BUSHSENIORCOIN-025,25
ClearPlasticGunStand-001,1
CLIPONHATLITE00001,1
CLIPONHATLITE00003,3
CLIPONHATLITE00005,5
CLIPONHATLITE00010,10
CLIPONHATLITE00025,25
COIN-CHRIST-JESUSGOLD-001,1
COIN-CHRIST-JESUSGOLD-003,3
COIN-CHRIST-JESUSGOLD-005,5
COIN-CHRIST-JESUSGOLD-010,10
COIN-CHRIST-JESUSGOLD-025,25
COIN-CHRIST-JESUSSILVER-001,1
COIN-CHRIST-JESUSSILVER-003,3
COIN-CHRIST-JESUSSILVER-005,5
COIN-CHRIST-JESUSSILVER-010,10
COIN-CHRIST-JESUSSILVER-025,25
COINSTAND-001,1
COINSTAND-003,3
COINSTAND-005,5
COINSTAND-010,10
COINSTAND-025,25
DeathSmileCoin-AirForce-001,1
DeathSmileCoin-AirForce-003,3
DeathSmileCoin-AirForce-005,5
DeathSmileCoin-AirForce-010,10
DeathSmileCoin-AirForce-025,25
DeathSmileCoin-Army-001,1
DeathSmileCoin-Army-003,3
DeathSmileCoin-Army-005,5
DeathSmileCoin-Army-010,10
DeathSmileCoin-Army-025,25
DeathSmileCoin-CoastGuard-001,1
DeathSmileCoin-CoastGuard-003,3
DeathSmileCoin-CoastGuard-005,5
DeathSmileCoin-CoastGuard-010,10
DeathSmileCoin-CoastGuard-025,25
DeathSmileCoin-Marines-001,1
DeathSmileCoin-Marines-003,3
DeathSmileCoin-Marines-005,5
DeathSmileCoin-Marines-010,10
DeathSmileCoin-Marines-025,25
DeathSmileCoin-Navy-001,1
DeathSmileCoin-Navy-003,3
DeathSmileCoin-Navy-005,5
DeathSmileCoin-Navy-010,10
DeathSmileCoin-Navy-025,25
DONTTREADCOIN-COPPER-001,1
DONTTREADCOIN-COPPER-003,3
DONTTREADCOIN-COPPER-005,5
DONTTREADCOIN-COPPER-010,10
DONTTREADCOIN-COPPER-025,25
DONTTREADCOIN-FC-001,1
DONTTREADCOIN-FC-003,3
DONTTREADCOIN-FC-005,5
DONTTREADCOIN-FC-010,10
DONTTREADCOIN-FC-025,25
EMERGENCYPOPUPLATERAN-1PACK,1
EMERGENCYPOPUPLATERAN-3PACK,3
EMERGENCYPOPUPLATERAN-5PACK,5
EMERGENCYPOPUPLATERAN-10PACK,10
EMERGENCYPOPUPLATERAN-25PACK,25
FHDP0001,1
FHDP0002,2
FHDP0003,3
FHDP0004,4
FHDP0005,5
FIRESTARTER-001,1
FLAG-2NDAM-HOMELAND-001,1
FLAG-2NDAM-HOMELAND-002,2
FLAG-2NDAM-HOMELAND-003,3
FLAG-2NDAM-HOMELAND-004,4
FLAG-2NDAM-HOMELAND-005,5
FLAG-2NDAM-HOMELAND-010,10
FLAG-2NDAM-HOMELAND-025,25
FLAG-CHRISTIAN-PROUDAMERICANCHRISITAN-WHITE-001,1
FLAG-CHRISTIAN-PROUDAMERICANCHRISITAN-WHITE-003,3
FLAG-CHRISTIAN-PROUDAMERICANCHRISITAN-WHITE-005,5
FLAG-CHRISTIAN-PROUDAMERICANCHRISITAN-WHITE-010,10
FLAG-CHRISTIAN-PROUDAMERICANCHRISITAN-WHITE-025,25
FLAG-GUN-COMEANDTAKEIT-BLACK-001,1
FLAG-GUN-COMEANDTAKEIT-BLACK-003,3
FLAG-GUN-COMEANDTAKEIT-BLACK-005,5
FLAG-GUN-COMEANDTAKEIT-BLACK-010,10
FLAG-GUN-COMEANDTAKEIT-BLACK-025,25
FLAG-GUN-DONTTREADONME-001,1
FLAG-PATRIOTIC-BETSYROSS-001,1
FLAG-PATRIOTIC-BETSYROSS-003,3
FLAG-PATRIOTIC-BETSYROSS-005,5
FLAG-PATRIOTIC-BETSYROSS-010,10
FLAG-PATRIOTIC-BETSYROSS-025,25
FLAG-REDBLUE2020-001,1
FLAG-REDBLUE2020-002,2
FLAG-REDBLUE2020-003,3
FLAG-REDBLUE2020-004,4
FLAG-REDBLUE2020-005,5
FLAG-REDBLUE2020-010,10
FLAG-REDBLUE2020-025,25
FLAG-TRUMP-ALLABOARDTHETRUMPTRAIN-001,1
FLAG-TRUMP-ALLABOARDTHETRUMPTRAIN-003,3
FLAG-TRUMP-ALLABOARDTHETRUMPTRAIN-005,5
FLAG-TRUMP-ALLABOARDTHETRUMPTRAIN-010,10
FLAG-TRUMP-ALLABOARDTHETRUMPTRAIN-025,25
Flag-Trump-KAG-Cartoon-001,1
Flag-Trump-KAG-Cartoon-003,3
Flag-Trump-KAG-Cartoon-005,5
Flag-Trump-KAG-Cartoon-010,10
Flag-Trump-KAG-Cartoon-025,25
Flag-Trump-MAGA-Cartoon-001,1
Flag-Trump-MAGA-Cartoon-003,3
Flag-Trump-MAGA-Cartoon-005,5
Flag-Trump-MAGA-Cartoon-010,10
Flag-Trump-MAGA-Cartoon-025,25
FLAG-TRUMP-MINI-001,1
FLAG-TRUMP-MINI-003,3
FLAG-TRUMP-MINI-005,5
FLAG-TRUMP-MINI-010,10
FLAG-TRUMP-MINI-025,25
FLAG-TRUMP2020-001,1
FLAG-TRUMP2020-002,2
FLAG-TRUMP2020-003,3
FLAG-TRUMP2020-004,4
FLAG-TRUMP2020-005,5
FLAG-TRUMP2020-010,10
FLAG-TRUMP2020-025,25
FLAG-TRUMPMAGA-001,1
FLAG-TRUMPMAGA-002,2
FLAG-TRUMPMAGA-003,3
FLAG-TRUMPMAGA-004,4
FLAG-TRUMPMAGA-005,5
FLAG-TRUMPMAGA-010,10
FLAG-TRUMPMAGA-025,25
FLAG-USA-001,1
FLAG-USA-002,2
FLAG-USA-003,3
FLAG-USA-004,4
FLAG-USA-005,5
FLAG-USA-010,10
FLAG-USA-025,25
FSP0001,1
FSP0002,2
FSP0003,3
FSP0005,5
FSP0010,10
GLASSES-TRUMP-BLUESTARS-001,1
GLASSES-TRUMP-BLUESTARS-003,3
GLASSES-TRUMP-BLUESTARS-005,5
GLASSES-TRUMP-BLUESTARS-010,10
GLASSES-TRUMP-BLUESTARS-025,25
GOLFBALL-TRUMP-2020KAG-WHITE-001,1
GOLFBALL-TRUMP-2020KAG-WHITE-003,3
GOLFBALL-TRUMP-2020KAG-WHITE-005,5
GOLFBALL-TRUMP-2020KAG-WHITE-010,10
GOLFBALL-TRUMP-2020KAG-WHITE-025,25
GOLFBALL-TRUMP-MAGA-RED-001,1
GOLFBALL-TRUMP-MAGA-RED-003,3
GOLFBALL-TRUMP-MAGA-RED-005,5
GOLFBALL-TRUMP-MAGA-RED-010,10
GOLFBALL-TRUMP-MAGA-RED-025,25
HAT-2NDAM-HOMELAND-001,1
HAT-2NDAM-HOMELAND-002,2
HAT-2NDAM-HOMELAND-003,3
HAT-2NDAM-HOMELAND-004,4
HAT-2NDAM-HOMELAND-005,5
HAT-2NDAM-HOMELAND-010,10
HAT-2NDAM-HOMELAND-025,25
HAT-AMERICANFLAG-BLACK-001,1
HAT-AMERICANFLAG-BLACK-002,2
HAT-AMERICANFLAG-BLACK-003,3
HAT-AMERICANFLAG-BLACK-004,4
HAT-AMERICANFLAG-BLACK-005,5
HAT-AMERICANFLAG-BLACK-010,10
HAT-AMERICANFLAG-BLACK-025,25
HAT-AMERICANFLAG-B/G-001,1
HAT-AMERICANFLAG-B/G-003,3
HAT-AMERICANFLAG-B/G-005,5
HAT-AMERICANFLAG-B/G-010,10
HAT-AMERICANFLAG-B/G-025,25
HAT-BLUETRUMP2020-001,1
HAT-BLUETRUMP2020-002,2
HAT-BLUETRUMP2020-003,3
HAT-BLUETRUMP2020-004,4
HAT-BLUETRUMP2020-005,5
HAT-BLUETRUMP2020-010,10
HAT-BLUETRUMP2020-025,25
HAT-DEFENDTHE2ND-001,1
HAT-DEFENDTHE2ND-002,2
HAT-DEFENDTHE2ND-003,3
HAT-DEFENDTHE2ND-004,4
HAT-DEFENDTHE2ND-005,5
HAT-DEFENDTHE2ND-010,10
HAT-DEFENDTHE2ND-025,25
HAT-RIFLEGUNFLAG-001,1
HAT-RIFLEGUNFLAG-002,2
HAT-RIFLEGUNFLAG-003,3
HAT-RIFLEGUNFLAG-004,4
HAT-RIFLEGUNFLAG-005,5
HAT-RIFLEGUNFLAG-010,10
HAT-RIFLEGUNFLAG-025,25
HAT-TRUMP-2020MAGA-001,1
HAT-TRUMP-2020MAGA-003,3
HAT-TRUMP-2020MAGA-005,5
HAT-TRUMP-2020MAGA-010,10
HAT-TRUMP-2020MAGA-025,25
KEYCHAIN-2NDAMENDMENT-001,1
KEYCHAIN-2NDAMENDMENT-003,3
KEYCHAIN-2NDAMENDMENT-005,5
KEYCHAIN-2NDAMENDMENT-010,10
KEYCHAIN-2NDAMENDMENT-025,25
KEYCHAIN-AR15-001,1
KEYCHAIN-AR15-003,3
KEYCHAIN-AR15-005,5
KEYCHAIN-AR15-010,10
KEYCHAIN-AR15-025,25
KEYCHAIN-GOLDTRUMPMAGA-001,1
KEYCHAIN-GOLDTRUMPMAGA-002,2
KEYCHAIN-GOLDTRUMPMAGA-003,3
KEYCHAIN-GOLDTRUMPMAGA-004,4
KEYCHAIN-GOLDTRUMPMAGA-005,5
KEYCHAIN-GOLDTRUMPMAGA-010,10
KEYCHAIN-GOLDTRUMPMAGA-025,25
KEYCHAIN-HANDGUN-001,1
KEYCHAIN-HANDGUN-003,3
KEYCHAIN-HANDGUN-005,5
KEYCHAIN-HANDGUN-010,10
KEYCHAIN-HANDGUN-025,25
KEYCHAIN-REVOLVER-001,1
KEYCHAIN-REVOLVER-003,3
KEYCHAIN-REVOLVER-005,5
KEYCHAIN-REVOLVER-010,10
KEYCHAIN-REVOLVER-025,25
KEYCHAIN-TRUMP-MAGA-GOLD-001,1
KEYCHAIN-TRUMP-MAGA-GOLD-003,3
KEYCHAIN-TRUMP-MAGA-GOLD-005,5
KEYCHAIN-TRUMP-MAGA-GOLD-010,10
KEYCHAIN-TRUMP-MAGA-GOLD-025,25
KEYCHAIN-TRUMP2020KAG-001,1
KEYCHAIN-TRUMP2020KAG-003,3
KEYCHAIN-TRUMP2020KAG-005,5
KEYCHAIN-TRUMP2020KAG-010,10
KEYCHAIN-TRUMP2020KAG-025,25
KEYCHAIN-V2-TRUMPFLAG2020-001,1
KEYCHAIN-V2-TRUMPFLAG2020-002,2
KEYCHAIN-V2-TRUMPFLAG2020-003,3
KEYCHAIN-V2-TRUMPFLAG2020-004,4
KEYCHAIN-V2-TRUMPFLAG2020-005,5
KEYCHAIN-V2-TRUMPFLAG2020-010,10
KEYCHAIN-V2-TRUMPFLAG2020-025,25
KEYORGANIZER-001,1
KEYORGANIZER-003,3
KEYORGANIZER-005,5
KEYORGANIZER-010,10
KEYORGANIZER-025,25
KOOZIE-TRUMP-2020TRUMPKAG-001,1
KOOZIE-TRUMP-2020TRUMPKAG-003,3
KOOZIE-TRUMP-2020TRUMPKAG-005,5
KOOZIE-TRUMP-2020TRUMPKAG-010,10
KOOZIE-TRUMP-2020TRUMPKAG-025,25
KOREACOIN-001,1
KOREACOIN-003,3
KOREACOIN-005,5
KOREACOIN-010,10
KOREACOIN-025,25
LAPEL-TRUMP2020-001,1
LAPEL-TRUMP2020-003,3
LAPEL-TRUMP2020-005,5
LAPEL-TRUMP2020-010,10
LAPEL-TRUMP2020-025,25
LAPEL-USACOUNTRY-001,1
LAPEL-USACOUNTRY-002,2
LAPEL-USACOUNTRY-003,3
LAPEL-USACOUNTRY-004,4
LAPEL-USACOUNTRY-005,5
LAPEL-USACOUNTRY-010,10
LAPEL-USACOUNTRY-025,25
LAPEL-USAFLAG-001,1
LAPEL-USAFLAG-002,2
LAPEL-USAFLAG-003,3
LAPEL-USAFLAG-004,4
LAPEL-USAFLAG-005,5
LAPEL-USAFLAG-010,10
LAPEL-USAFLAG-025,25
LAPEL-USAFLAGCROSS-001,1
LAPEL-USAFLAGCROSS-002,2
LAPEL-USAFLAGCROSS-003,3
LAPEL-USAFLAGCROSS-004,4
LAPEL-USAFLAGCROSS-005,5
LAPEL-USAFLAGCROSS-010,10
LAPEL-USAFLAGCROSS-025,25
MCK,1
MELANIACOIN0001-GOLD,1
MELANIACOIN0001-SILVER,1
MELANIACOIN0003-GOLD,3
MELANIACOIN0003-SILVER,3
MELANIACOIN0005-GOLD,5
MELANIACOIN0005-SILVER,5
MELANIACOIN0010-GOLD,10
MELANIACOIN0010-SILVER,10
MELANIACOIN0025-GOLD,25
MELANIACOIN0025-SILVER,25
MINIFLASHLIGHT-001,1
MINIFLASHLIGHT-003,3
MINIFLASHLIGHT-006,6
MINIFLASHLIGHT-009,9
MONEYCLIP-TRUMP-MAGA-GOLD-001,1
MONEYCLIP-TRUMP-MAGA-GOLD-003,3
MONEYCLIP-TRUMP-MAGA-GOLD-005,5
MONEYCLIP-TRUMP-MAGA-GOLD-010,10
MONEYCLIP-TRUMP-MAGA-GOLD-025,25
MONEYCLIP-TRUMP-MAGA-SILVER-001,1
MONEYCLIP-TRUMP-MAGA-SILVER-003,3
MONEYCLIP-TRUMP-MAGA-SILVER-005,5
MONEYCLIP-TRUMP-MAGA-SILVER-010,10
MONEYCLIP-TRUMP-MAGA-SILVER-025,25
NASABLANKET001,1
NASABLANKET003,3
NASABLANKET005,5
NASABLANKET010,10
NASABLANKET025,25
PBB0001,1
PBB0002,2
PBB0003,3
PBB0004,4
PBB0005,5
PenceSilverCoin-001,1
PenceSilverCoin-003,3
PenceSilverCoin-005,5
PenceSilverCoin-010,10
PenceSilverCoin-025,25
PMS0001,1
PMS0002,2
PMS0003,3
PMS0004,4
PMS0005,5
PROGUN-GOLDCOIN-001,1
PROGUN-GOLDCOIN-003,3
PROGUN-GOLDCOIN-005,5
PROGUN-GOLDCOIN-010,10
PROGUN-GOLDCOIN-025,25
PROGUN-SILVERCOIN-001,1
PROGUN-SILVERCOIN-003,3
PROGUN-SILVERCOIN-005,5
PROGUN-SILVERCOIN-010,10
PROGUN-SILVERCOIN-025,25
PSS00001,1
PSS00002,2
PSS00003,3
PSS00004,4
PSS00005,5
PSS00006,6
PSS00007,7
REAGANGOLDCOIN001,1
REAGANGOLDCOIN003,3
REAGANGOLDCOIN005,5
REAGANGOLDCOIN010,10
REAGANGOLDCOIN025,25
REAGANSILVERCOIN001,1
REAGANSILVERCOIN003,3
REAGANSILVERCOIN005,5
REAGANSILVERCOIN010,10
REAGANSILVERCOIN025,25
RFID-BLOCKING-CARDS-001,1
RFID-BLOCKING-CARDS-003,3
RFID-BLOCKING-CARDS-005,5
RFID-BLOCKING-CARDS-010,10
RFID-BLOCKING-CARDS-025,25
RFIDSLEEVE,1
SOCKS-PATRIOTIC-USAFLAG-10PAIRS,10
SOCKS-PATRIOTIC-USAFLAG-1PAIR,1
SOCKS-PATRIOTIC-USAFLAG-25PAIRS,25
SOCKS-PATRIOTIC-USAFLAG-3PAIRS,3
SOCKS-PATRIOTIC-USAFLAG-5PAIRS,5
SOCKS-TRUMP-2020-001,1
SOCKS-TRUMP-2020-003,3
SOCKS-TRUMP-2020-005,5
SOCKS-TRUMP-2020-010,10
SOCKS-TRUMP-2020-025,25
SOCKS-TRUMP-MAGA-10PAIRS,10
SOCKS-TRUMP-MAGA-1PAIR,1
SOCKS-TRUMP-MAGA-25PAIRS,25
SOCKS-TRUMP-MAGA-3PAIRS,3
SOCKS-TRUMP-MAGA-5PAIRS,5
STICKER-TRUMP2020-BLUE-001,1
STICKER-TRUMP2020-BLUE-002,2
STICKER-TRUMP2020-BLUE-003,3
STICKER-TRUMP2020-BLUE-004,4
STICKER-TRUMP2020-BLUE-005,5
STICKER-TRUMP2020-BLUE-010,10
STICKER-TRUMP2020-BLUE-025,25
STICKER-TRUMP2020-WHITE-001,1
STICKER-TRUMP2020-WHITE-002,2
STICKER-TRUMP2020-WHITE-003,3
STICKER-TRUMP2020-WHITE-004,4
STICKER-TRUMP2020-WHITE-005,5
STICKER-TRUMP2020-WHITE-010,10
STICKER-TRUMP2020-WHITE-025,25
SURVIVAL-SOLARCHARGER-001,1
SURVIVAL-WRISTBAND-CHARGINGPARACORD-001,1
SURVIVALCARD-001,1
SURVIVALSLEEPINGBAG-001,1
SURVIVALSLEEPINGBAG-003,3
SURVIVALSLEEPINGBAG-005,5
SURVIVALSLEEPINGBAG-010,10
SURVIVALSLEEPINGBAG-025,25
SURVIVALTENT-001,1
SURVIVALTENT-003,3
SURVIVALTENT-005,5
SURVIVALTENT-010,10
SURVIVALTENT-025,25
TACPEN-001,1
TACPEN-003,3
TACPEN-005,5
TACPEN-010,10
TACPEN-025,25
TRUMP_HAT_2020_NAVY_01,1
TRUMP_HAT_2020_NAVY_02,2
TRUMP_HAT_2020_NAVY_03,3
TRUMP_HAT_2020_NAVY_04,4
TRUMP_HAT_2020_NAVY_05,5
TRUMP_HAT_2020_NAVY_10,10
TRUMP_HAT_2020_NAVY_25,25
TRUMP_KAG_HAT_001,1
TRUMP_KAG_HAT_003,3
TRUMP_KAG_HAT_005,5
TRUMP_KAG_HAT_010,10
TRUMP_KAG_HAT_025,25
TRUMP_HAT_MAGA_001,1
TRUMP_HAT_MAGA_002,2
TRUMP_HAT_MAGA_003,3
TRUMP_HAT_MAGA_005,5
TRUMP_HAT_MAGA_010,10
TRUMP_HAT_MAGA_025,25
TRUMP_MAGA_HAT_BK_01,1
TRUMP_MAGA_HAT_BK_02,2
TRUMP_MAGA_HAT_BK_03,3
TRUMP_MAGA_HAT_BK_04,4
TRUMP_MAGA_HAT_BK_05,5
TRUMP_MAGA_HAT_BK_10,10
TRUMP_MAGA_HAT_BK_25,25
TRUMP-HAT-USA-BLACK-001,1
TRUMP-HAT-USA-BLACK-003,3
TRUMP-HAT-USA-BLACK-005,5
TRUMP-HAT-USA-BLACK-010,10
TRUMP-HAT-USA-BLACK-025,25
TRUMP-HAT-USA-BLUE-001,1
TRUMP-HAT-USA-BLUE-003,3
TRUMP-HAT-USA-BLUE-005,5
TRUMP-HAT-USA-BLUE-010,10
TRUMP-HAT-USA-BLUE-025,25
TRUMPBLACKCOIN-001,1
TRUMPBLACKCOIN-003,3
TRUMPBLACKCOIN-005,5
TRUMPBLACKCOIN-010,10
TRUMPBLACKCOIN-025,25
TRUMPBUCK-001,1
TRUMPBUCK-003,3
TRUMPBUCK-005,5
TRUMPBUCK-010,10
TRUMPBUCK-025,25
TRUMPCOINGOLD,1
TRUMPCOLORCOIN-001,1
TRUMPHAT-CAMO-2020-001,1
TRUMPHAT-CAMO-2020-003,3
TRUMPHAT-CAMO-2020-005,5
TRUMPHAT-CAMO-2020-010,10
TRUMPHAT-CAMO-2020-025,25
TRUMPHAT-USA-RED-01,1
TRUMPHAT-USA-RED-02,2
TRUMPHAT-USA-RED-03,3
TRUMPHAT-USA-RED-04,4
TRUMPHAT-USA-RED-05,5
TRUMPHAT-USA-RED-10,10
TRUMPHAT-USA-RED-25,25
TRUMPHAT-USA-WHITE-01,1
TRUMPHAT-USA-WHITE-02,2
TRUMPHAT-USA-WHITE-03,3
TRUMPHAT-USA-WHITE-04,4
TRUMPHAT-USA-WHITE-05,5
TRUMPHAT-USA-WHITE-10,10
TRUMPHAT-USA-WHITE-25,25
TRUMPKAG2020COIN-GOLD-001,1
TRUMPKAG2020COIN-GOLD-002,2
TRUMPKAG2020COIN-GOLD-003,3
TRUMPKAG2020COIN-GOLD-005,5
TRUMPKAG2020COIN-GOLD-010,10
TRUMPKAG2020COIN-GOLD-025,25
TRUMPKAG2020COIN-SILVER-001,1
TRUMPKAG2020COIN-SILVER-003,3
TRUMPKAG2020COIN-SILVER-005,5
TRUMPKAG2020COIN-SILVER-010,10
TRUMPKAG2020COIN-SILVER-025,25
TRUMPLEGACYCOIN-GLD-001,1
TRUMPLEGACYCOIN-GLD-003,3
TRUMPLEGACYCOIN-GLD-005,5
TRUMPLEGACYCOIN-GLD-010,10
TRUMPLEGACYCOIN-GLD-025,25
TRUMPLEGACYCOIN-GOLD/SILVER-001,1
TRUMPLEGACYCOIN-GOLD/SILVER-003,3
TRUMPLEGACYCOIN-GOLD/SILVER-005,5
TRUMPLEGACYCOIN-GOLD/SILVER-010,10
TRUMPLEGACYCOIN-GOLD/SILVER-025,25
TRUMPLEGACYCOIN-SLVER-001,1
TRUMPLEGACYCOIN-SLVER-003,3
TRUMPLEGACYCOIN-SLVER-005,5
TRUMPLEGACYCOIN-SLVER-010,10
TRUMPLEGACYCOIN-SLVER-025,25
TRUMPLEGACYCOIN-SILVER/GOLD-001,1
TRUMPLEGACYCOIN-SILVER/GOLD-003,3
TRUMPLEGACYCOIN-SILVER/GOLD-005,5
TRUMPLEGACYCOIN-SILVER/GOLD-010,10
TRUMPLEGACYCOIN-SILVER/GOLD-025,25
TRUMPMAGACOIN-SILVER-01-PACK,1
TRUMPMAGACOIN-SILVER-03-PACK,3
TRUMPMAGACOIN-SILVER-05-PACK,5
TRUMPMAGACOIN-SILVER-10-PACK,10
TRUMPMAGACOIN-SILVER-100-PACK,100
TRUMPMAGACOIN-SILVER-25-PACK,25
TRUMPMAGACOIN-GOLD-001,1
TRUMPMAGACOIN-GOLD-003,3
TRUMPMAGACOIN-GOLD-005,5
TRUMPMAGACOIN-GOLD-010,10
TRUMPMAGACOIN-GOLD-025,25
UnitedWeStandCoin-001,1
UnitedWeStandCoin-003,3
UnitedWeStandCoin-005,5
UnitedWeStandCoin-010,10
UnitedWeStandCoin-025,25
USBFLASHLIGHT-001,1
USBFLASHLIGHT-003,3
USBFLASHLIGHT-005,5
USBFLASHLIGHT-010,10
USBFLASHLIGHT-025,25
VetCoin-AirForce-001,1
VetCoin-AirForce-003,3
VetCoin-AirForce-005,5
VetCoin-AirForce-010,10
VetCoin-AirForce-025,25
VetCoin-Army-001,1
VetCoin-Army-003,3
VetCoin-Army-005,5
VetCoin-Army-010,10
VetCoin-Army-025,25
VetCoin-CoastGuard-001,1
VetCoin-CoastGuard-003,3
VetCoin-CoastGuard-005,5
VetCoin-CoastGuard-010,10
VetCoin-CoastGuard-025,25
VetCoin-Marines-001,1
VetCoin-Marines-003,3
VetCoin-Marines-005,5
VetCoin-Marines-010,10
VetCoin-Marines-025,25
VetCoin-Navy-001,1
VetCoin-Navy-003,3
VetCoin-Navy-005,5
VetCoin-Navy-010,10
VetCoin-Navy-025,25
VIETNAMVET0001-1-PACK,1
VIETNAMVET0001-3-PACK,3
VIETNAMVET0001-5-PACK,5
WATCH-PATRIOTIC-BLUEBAND-001,1
WATCH-PATRIOTIC-BLUEBAND-003,3
WATCH-PATRIOTIC-BLUEBAND-005,5
WATCH-PATRIOTIC-BLUEBAND-010,10
WATCH-PATRIOTIC-BLUEBAND-025,25
WATCH-PATRIOTIC-REDBAND-001,1
WATCH-PATRIOTIC-REDBAND-003,3
WATCH-PATRIOTIC-REDBAND-005,5
WATCH-PATRIOTIC-REDBAND-010,10
WATCH-PATRIOTIC-REDBAND-025,25
WATCH-PATRIOTIC-WHITEBAND-001,1
WATCH-PATRIOTIC-WHITEBAND-003,3
WATCH-PATRIOTIC-WHITEBAND-005,5
WATCH-PATRIOTIC-WHITEBAND-010,10
WATCH-PATRIOTIC-WHITEBAND-025,25
WSB00001,1
WSB00002,5
